epoch,log1_dice,log2_dice,dice_diff_log2_minus_log1,log1_hd95,log2_hd95,hd95_diff_log2_minus_log1
0,0.16501621140643816,0.1050322582013905,-0.05998395320504765,73.6420402160517,73.18143717447917,-0.46060304157252574
1,0.23440531815216148,0.1122521481787165,-0.12215316997344498,72.78562778099443,74.52271016438802,1.7370823833935845
2,0.4536292272616465,0.590139369169871,0.13651014190822447,56.12519717819108,18.326531092325848,-37.798666085865236
3,0.6655871519660247,0.6847227414449056,0.019135589478880943,16.428269390569714,14.334512074788412,-2.0937573157813016
4,0.7044093770759735,0.7176953355471293,0.013285958471155768,14.590251989904553,13.232036590576172,-1.3582153993283814
5,0.7148463848878678,0.7275493741035461,0.012702989215678362,11.661405576810447,10.678913752237955,-0.9824918245724916
6,0.7417164730219316,0.7442378997802734,0.0025214267583418826,13.491227026128533,11.829394976298014,-1.6618320498305188
7,0.7598338865684854,0.7640201449394226,0.004186258370937224,10.5268582945876,9.690427621205648,-0.8364306733819511
8,0.738421980513723,0.7671029766400655,0.02868099612634256,16.430419759019255,10.149659156799316,-6.280760602219939
9,0.7756976587877261,0.7629865209261576,-0.012711137861568522,9.874163042607805,9.04964017868042,-0.8245228639273847
10,0.7905184348005122,0.7916320164998373,0.0011135816993250724,10.05366430199399,9.332217534383139,-0.7214467676108516
11,0.783122485081165,0.7782840728759766,-0.004838412205188436,9.563934941473606,9.151208559672037,-0.4127263818015692
12,0.7867796714947318,0.7783739765485128,-0.008405694946219011,10.108447544425688,8.96642780303955,-1.1420197413861377
13,0.806797641669915,0.7773120204607645,-0.029485621209150437,8.17257757516058,10.011847496032715,1.8392699208721357
14,0.807825231498957,0.8077149589856466,-0.00011027251331041654,10.468815789566106,7.918440659840901,-2.5503751297252046
15,0.8141879638462965,0.8070951302846273,-0.007092833561669232,9.715855903276292,9.000016530354818,-0.715839372921474
16,0.815490103535879,0.8111000657081604,-0.004390037827718629,8.760210126344923,9.60589599609375,0.8456858697488272
17,0.8361685766446771,0.821803092956543,-0.014365483688134173,7.245071904583175,7.056935469309489,-0.18813643527368562
18,0.8276332939201044,0.8164027531941732,-0.011230540725931215,6.988414403216802,8.167744477589926,1.1793300743731239
19,0.8226943250615314,0.8238547643025717,0.0011604392410402564,9.515721312474046,8.073278903961182,-1.4424424085128642
20,0.8266046260326146,0.8322702248891195,0.005665598856504861,7.348602728593029,7.270028273264567,-0.07857445532846175
21,0.8447124761728552,0.8261435031890869,-0.01856897298376825,6.346473064979659,7.592321395874023,1.2458483308943649
22,0.818014861004338,0.8333021799723307,0.015287318967992736,9.003655314481165,8.234366734822592,-0.7692885796585731
23,0.8336622471083625,0.8279840151468912,-0.005678231961471214,7.644086451929533,8.22360372543335,0.579517273503817
24,0.8244251641788413,0.8340977629025778,0.009672598723736492,10.268073465164889,7.43111515045166,-2.836958314713229
25,0.8332712583350083,0.837734599908193,0.0044633415731847315,6.929399628968505,7.0837357838948565,0.15433615492635155
26,0.8459649660594576,0.8398171861966451,-0.0061477798628124525,6.747529692130503,7.1356587409973145,0.3881290488668112
27,0.8214801335065024,0.8383953968683878,0.016915263361885424,8.271660049605154,6.687373638153076,-1.5842864114520783
28,0.8355036751449564,0.8478975296020508,0.0123938544570944,6.7668496105381815,6.237099965413411,-0.5297496451247703
29,0.8353950040164518,0.8480732838312784,0.01267827981482661,6.06512145702904,5.823485374450684,-0.24163608257835634
30,0.8468216804270389,0.8564701080322266,0.009648427605187693,6.981279565136759,5.285327752431233,-1.695951812705526
31,0.8465415323328228,0.8400032917658488,-0.006538240566974052,5.878084406591078,8.205592473347982,2.327508066756905
32,0.84526788304151,0.8471542994181315,0.0018864163766214581,5.881762401260663,6.565303961435954,0.683541560175291
33,0.8582646657364902,0.8563403685887655,-0.001924297147724685,5.354100208895935,5.510053634643555,0.1559534257476196
34,0.8515344846307369,0.8498463034629822,-0.0016881811677547098,6.282495398297823,7.380636374155681,1.0981409758578575
35,0.8539438685419712,0.8502677877744039,-0.0036760807675673135,6.378064711245638,6.48430601755778,0.10624130631214257
36,0.852320012709475,0.8446854750315348,-0.007634537677940201,6.141897621699864,5.734717686971028,-0.40717993472883585
37,0.8471873178238757,0.8478419979413351,0.0006546801174593941,5.414460112700302,6.946881294250488,1.5324211815501867
38,0.8488043695355988,0.8476615150769552,-0.001142854458643594,6.528635951647334,5.628840287526448,-0.8997956641208855
39,0.8568569041527997,0.8525692423184713,-0.004287661834328382,5.046553480443208,5.525531768798828,0.47897828835561995
40,0.854023932259957,0.8556042114893595,0.0015802792294025148,5.550294292096498,5.571830749511719,0.02153645741522059
41,0.8549099622601135,0.8535238901774088,-0.0013860720827046924,6.208405385649598,5.611721038818359,-0.596684346831239
42,0.8535766271261119,0.8494792977968851,-0.004097329329226795,5.928420138952113,5.891438961029053,-0.036981177923060216
43,0.8618955019886179,0.859319011370341,-0.0025764906182769165,5.585965414089022,4.908459186553955,-0.6775062275350665
44,0.859985820632438,0.8599076271057129,-7.819352672511215e-05,5.635706495292212,5.330283323923747,-0.30542317136846453
45,0.8630276070228889,0.8630130489667257,-1.4558056163238575e-05,4.921342372268811,5.017886161804199,0.09654378953538778
46,0.8628040584203487,0.8577296733856201,-0.005074385034728568,5.126628296060473,5.775679429372151,0.6490511333116782
47,0.8569164343727008,0.8552480737368265,-0.0016683606358742775,5.995863007888151,6.092150688171387,0.09628768028323531
48,0.8610500335580028,0.866995096206665,0.005945062648662236,5.030299320736169,4.501434167226155,-0.5288651535100133
49,0.8620351993682965,0.8602770765622457,-0.0017581228060508103,4.846172030612858,5.176561991373698,0.33038996076084004
50,0.8583380275827778,0.8507622877756754,-0.007575739807102355,5.4245059414030825,5.828982035319011,0.4044760939159282
51,0.8557350159779554,0.8461099664370219,-0.009625049540933572,5.678591223247566,6.150260766347249,0.4716695430996829
52,0.8690171107695085,0.8618549704551697,-0.007162140314338816,4.609702308699982,5.184791564941406,0.5750892562414238
53,0.8684764776673267,0.8620394269625345,-0.006437050704792169,4.619785231969941,5.265345732371013,0.6455605004010714
54,0.8499205099791981,0.8598195711771647,0.009899061197966574,5.574479098726457,5.503479639689128,-0.07099945903732952
55,0.8640118500553075,0.8663271069526672,0.0023152568973597853,4.793879600856077,5.788172245025635,0.9942926441695574
56,0.8695062029282439,0.8633836905161539,-0.006122512412089942,4.539036369720627,4.8922553062438965,0.35321893652326963
57,0.8717094382702791,0.8646235863367716,-0.007085851933507525,4.655417917596478,5.413912455240886,0.7584945376444079
58,0.872610374775312,0.8707524140675863,-0.0018579607077257032,4.662781902930543,4.349084377288818,-0.31369752564172426
59,0.8700279312344733,0.8526243567466736,-0.017403574487799722,4.288868931341894,5.62176513671875,1.3328962053768558
60,0.8691830901169751,0.8678021828333536,-0.001380907283621502,4.123150246475736,5.092584768931071,0.9694345224553356
61,0.875472488979487,0.8603250980377197,-0.015147390941767314,4.137870782247695,5.166459242502849,1.028588460255154
